Title,URL,Acceptance,Difficulty,Description
2037. Minimum Number of Moves to Seat Everyone,https://leetcode.com/problems/minimum-number-of-moves-to-seat-everyone/?envType=daily-question&envId=2024-06-13,87.8%,Easy,Description not found
1. Two Sum,https://leetcode.com/problems/two-sum,52.8%,Easy,Description not found
2. Add Two Numbers,https://leetcode.com/problems/add-two-numbers,43.1%,Medium,Description not found
3. Longest Substring Without Repeating Characters,https://leetcode.com/problems/longest-substring-without-repeating-characters,34.9%,Medium,Description not found
4. Median of Two Sorted Arrays,https://leetcode.com/problems/median-of-two-sorted-arrays,40.4%,Hard,Description not found
5. Longest Palindromic Substring,https://leetcode.com/problems/longest-palindromic-substring,34.0%,Medium,Description not found
6. Zigzag Conversion,https://leetcode.com/problems/zigzag-conversion,48.3%,Medium,Description not found
7. Reverse Integer,https://leetcode.com/problems/reverse-integer,28.7%,Medium,Description not found
8. String to Integer (atoi),https://leetcode.com/problems/string-to-integer-atoi,17.4%,Medium,Description not found
9. Palindrome Number,https://leetcode.com/problems/palindrome-number,56.7%,Easy,Description not found
10. Regular Expression Matching,https://leetcode.com/problems/regular-expression-matching,28.2%,Hard,Description not found
11. Container With Most Water,https://leetcode.com/problems/container-with-most-water,55.5%,Medium,Description not found
